[
  {
    "code": "1101",
    "name": [
      "北京市",
      "北京"
    ],
    "provinceCode": "11"
  },
  {
    "code": "1201",
    "name": [
      "天津市",
      "天津"
    ],
    "provinceCode": "12"
  },
  {
    "code": "1301",
    "name": [
      "石家庄市",
      "石家庄"
    ],
    "provinceCode": "13"
  },
  {
    "code": "1302",
    "name": [
      "唐山市",
      "唐山"
    ],
    "provinceCode": "13"
  },
  {
    "code": "1303",
    "name": [
      "秦皇岛市",
      "秦皇岛"
    ],
    "provinceCode": "13"
  },
  {
    "code": "1304",
    "name": [
      "邯郸市",
      "邯郸"
    ],
    "provinceCode": "13"
  },
  {
    "code": "1305",
    "name": [
      "邢台市",
      "邢台"
    ],
    "provinceCode": "13"
  },
  {
    "code": "1306",
    "name": [
      "保定市",
      "保定"
    ],
    "provinceCode": "13"
  },
  {
    "code": "1307",
    "name": [
      "张家口市",
      "张家口"
    ],
    "provinceCode": "13"
  },
  {
    "code": "1308",
    "name": [
      "承德市",
      "承德"
    ],
    "provinceCode": "13"
  },
  {
    "code": "1309",
    "name": [
      "沧州市",
      "沧州"
    ],
    "provinceCode": "13"
  },
  {
    "code": "1310",
    "name": [
      "廊坊市",
      "廊坊"
    ],
    "provinceCode": "13"
  },
  {
    "code": "1311",
    "name": [
      "衡水市",
      "衡水"
    ],
    "provinceCode": "13"
  },
  {
    "code": "1401",
    "name": [
      "太原市",
      "太原"
    ],
    "provinceCode": "14"
  },
  {
    "code": "1402",
    "name": [
      "大同市",
      "大同"
    ],
    "provinceCode": "14"
  },
  {
    "code": "1403",
    "name": [
      "阳泉市",
      "阳泉"
    ],
    "provinceCode": "14"
  },
  {
    "code": "1404",
    "name": [
      "长治市",
      "长治"
    ],
    "provinceCode": "14"
  },
  {
    "code": "1405",
    "name": [
      "晋城市",
      "晋城"
    ],
    "provinceCode": "14"
  },
  {
    "code": "1406",
    "name": [
      "朔州市",
      "朔州"
    ],
    "provinceCode": "14"
  },
  {
    "code": "1407",
    "name": [
      "晋中市",
      "晋中"
    ],
    "provinceCode": "14"
  },
  {
    "code": "1408",
    "name": [
      "运城市",
      "运城"
    ],
    "provinceCode": "14"
  },
  {
    "code": "1409",
    "name": [
      "忻州市",
      "忻州"
    ],
    "provinceCode": "14"
  },
  {
    "code": "1410",
    "name": [
      "临汾市",
      "临汾"
    ],
    "provinceCode": "14"
  },
  {
    "code": "1411",
    "name": [
      "吕梁市",
      "吕梁"
    ],
    "provinceCode": "14"
  },
  {
    "code": "1501",
    "name": [
      "呼和浩特市",
      "呼和浩特"
    ],
    "provinceCode": "15"
  },
  {
    "code": "1502",
    "name": [
      "包头市",
      "包头"
    ],
    "provinceCode": "15"
  },
  {
    "code": "1503",
    "name": [
      "乌海市",
      "乌海"
    ],
    "provinceCode": "15"
  },
  {
    "code": "1504",
    "name": [
      "赤峰市",
      "赤峰"
    ],
    "provinceCode": "15"
  },
  {
    "code": "1505",
    "name": [
      "通辽市",
      "通辽"
    ],
    "provinceCode": "15"
  },
  {
    "code": "1506",
    "name": [
      "鄂尔多斯市",
      "鄂尔多斯"
    ],
    "provinceCode": "15"
  },
  {
    "code": "1507",
    "name": [
      "呼伦贝尔市",
      "呼伦贝尔"
    ],
    "provinceCode": "15"
  },
  {
    "code": "1508",
    "name": [
      "巴彦淖尔市",
      "巴彦淖尔"
    ],
    "provinceCode": "15"
  },
  {
    "code": "1509",
    "name": [
      "乌兰察布市",
      "乌兰察布"
    ],
    "provinceCode": "15"
  },
  {
    "code": "1522",
    "name": [
      "兴安盟"
    ],
    "provinceCode": "15"
  },
  {
    "code": "1525",
    "name": [
      "锡林郭勒盟"
    ],
    "provinceCode": "15"
  },
  {
    "code": "1529",
    "name": [
      "阿拉善盟"
    ],
    "provinceCode": "15"
  },
  {
    "code": "2101",
    "name": [
      "沈阳市",
      "沈阳"
    ],
    "provinceCode": "21"
  },
  {
    "code": "2102",
    "name": [
      "大连市",
      "大连"
    ],
    "provinceCode": "21"
  },
  {
    "code": "2103",
    "name": [
      "鞍山市",
      "鞍山"
    ],
    "provinceCode": "21"
  },
  {
    "code": "2104",
    "name": [
      "抚顺市",
      "抚顺"
    ],
    "provinceCode": "21"
  },
  {
    "code": "2105",
    "name": [
      "本溪市",
      "本溪"
    ],
    "provinceCode": "21"
  },
  {
    "code": "2106",
    "name": [
      "丹东市",
      "丹东"
    ],
    "provinceCode": "21"
  },
  {
    "code": "2107",
    "name": [
      "锦州市",
      "锦州"
    ],
    "provinceCode": "21"
  },
  {
    "code": "2108",
    "name": [
      "营口市",
      "营口"
    ],
    "provinceCode": "21"
  },
  {
    "code": "2109",
    "name": [
      "阜新市",
      "阜新"
    ],
    "provinceCode": "21"
  },
  {
    "code": "2110",
    "name": [
      "辽阳市",
      "辽阳"
    ],
    "provinceCode": "21"
  },
  {
    "code": "2111",
    "name": [
      "盘锦市",
      "盘锦"
    ],
    "provinceCode": "21"
  },
  {
    "code": "2112",
    "name": [
      "铁岭市",
      "铁岭"
    ],
    "provinceCode": "21"
  },
  {
    "code": "2113",
    "name": [
      "朝阳市",
      "朝阳"
    ],
    "provinceCode": "21"
  },
  {
    "code": "2114",
    "name": [
      "葫芦岛市",
      "葫芦岛"
    ],
    "provinceCode": "21"
  },
  {
    "code": "2201",
    "name": [
      "长春市",
      "长春"
    ],
    "provinceCode": "22"
  },
  {
    "code": "2202",
    "name": [
      "吉林市",
      "吉林"
    ],
    "provinceCode": "22"
  },
  {
    "code": "2203",
    "name": [
      "四平市",
      "四平"
    ],
    "provinceCode": "22"
  },
  {
    "code": "2204",
    "name": [
      "辽源市",
      "辽源"
    ],
    "provinceCode": "22"
  },
  {
    "code": "2205",
    "name": [
      "通化市",
      "通化"
    ],
    "provinceCode": "22"
  },
  {
    "code": "2206",
    "name": [
      "白山市",
      "白山"
    ],
    "provinceCode": "22"
  },
  {
    "code": "2207",
    "name": [
      "松原市",
      "松原"
    ],
    "provinceCode": "22"
  },
  {
    "code": "2208",
    "name": [
      "白城市",
      "白城"
    ],
    "provinceCode": "22"
  },
  {
    "code": "2224",
    "name": [
      "延边朝鲜族自治州",
      "延边州"
    ],
    "provinceCode": "22"
  },
  {
    "code": "2301",
    "name": [
      "哈尔滨市",
      "哈尔滨"
    ],
    "provinceCode": "23"
  },
  {
    "code": "2302",
    "name": [
      "齐齐哈尔市",
      "齐齐哈尔"
    ],
    "provinceCode": "23"
  },
  {
    "code": "2303",
    "name": [
      "鸡西市",
      "鸡西"
    ],
    "provinceCode": "23"
  },
  {
    "code": "2304",
    "name": [
      "鹤岗市",
      "鹤岗"
    ],
    "provinceCode": "23"
  },
  {
    "code": "2305",
    "name": [
      "双鸭山市",
      "双鸭山"
    ],
    "provinceCode": "23"
  },
  {
    "code": "2306",
    "name": [
      "大庆市",
      "大庆"
    ],
    "provinceCode": "23"
  },
  {
    "code": "2307",
    "name": [
      "伊春市",
      "伊春"
    ],
    "provinceCode": "23"
  },
  {
    "code": "2308",
    "name": [
      "佳木斯市",
      "佳木斯"
    ],
    "provinceCode": "23"
  },
  {
    "code": "2309",
    "name": [
      "七台河市",
      "七台河"
    ],
    "provinceCode": "23"
  },
  {
    "code": "2310",
    "name": [
      "牡丹江市",
      "牡丹江"
    ],
    "provinceCode": "23"
  },
  {
    "code": "2311",
    "name": [
      "黑河市",
      "黑河"
    ],
    "provinceCode": "23"
  },
  {
    "code": "2312",
    "name": [
      "绥化市",
      "绥化"
    ],
    "provinceCode": "23"
  },
  {
    "code": "2327",
    "name": [
      "大兴安岭地区",
      "大兴安岭"
    ],
    "provinceCode": "23"
  },
  {
    "code": "3101",
    "name": [
      "上海市",
      "上海"
    ],
    "provinceCode": "31"
  },
  {
    "code": "3201",
    "name": [
      "南京市",
      "南京"
    ],
    "provinceCode": "32"
  },
  {
    "code": "3202",
    "name": [
      "无锡市",
      "无锡"
    ],
    "provinceCode": "32"
  },
  {
    "code": "3203",
    "name": [
      "徐州市",
      "徐州"
    ],
    "provinceCode": "32"
  },
  {
    "code": "3204",
    "name": [
      "常州市",
      "常州"
    ],
    "provinceCode": "32"
  },
  {
    "code": "3205",
    "name": [
      "苏州市",
      "苏州"
    ],
    "provinceCode": "32"
  },
  {
    "code": "3206",
    "name": [
      "南通市",
      "南通"
    ],
    "provinceCode": "32"
  },
  {
    "code": "3207",
    "name": [
      "连云港市",
      "连云港"
    ],
    "provinceCode": "32"
  },
  {
    "code": "3208",
    "name": [
      "淮安市",
      "淮安"
    ],
    "provinceCode": "32"
  },
  {
    "code": "3209",
    "name": [
      "盐城市",
      "盐城"
    ],
    "provinceCode": "32"
  },
  {
    "code": "3210",
    "name": [
      "扬州市",
      "扬州"
    ],
    "provinceCode": "32"
  },
  {
    "code": "3211",
    "name": [
      "镇江市",
      "镇江"
    ],
    "provinceCode": "32"
  },
  {
    "code": "3212",
    "name": [
      "泰州市",
      "泰州"
    ],
    "provinceCode": "32"
  },
  {
    "code": "3213",
    "name": [
      "宿迁市",
      "宿迁"
    ],
    "provinceCode": "32"
  },
  {
    "code": "3301",
    "name": [
      "杭州市",
      "杭州"
    ],
    "provinceCode": "33"
  },
  {
    "code": "3302",
    "name": [
      "宁波市",
      "宁波"
    ],
    "provinceCode": "33"
  },
  {
    "code": "3303",
    "name": [
      "温州市",
      "温州"
    ],
    "provinceCode": "33"
  },
  {
    "code": "3304",
    "name": [
      "嘉兴市",
      "嘉兴"
    ],
    "provinceCode": "33"
  },
  {
    "code": "3305",
    "name": [
      "湖州市",
      "湖州"
    ],
    "provinceCode": "33"
  },
  {
    "code": "3306",
    "name": [
      "绍兴市",
      "绍兴"
    ],
    "provinceCode": "33"
  },
  {
    "code": "3307",
    "name": [
      "金华市",
      "金华"
    ],
    "provinceCode": "33"
  },
  {
    "code": "3308",
    "name": [
      "衢州市",
      "衢州"
    ],
    "provinceCode": "33"
  },
  {
    "code": "3309",
    "name": [
      "舟山市",
      "舟山"
    ],
    "provinceCode": "33"
  },
  {
    "code": "3310",
    "name": [
      "台州市",
      "台州"
    ],
    "provinceCode": "33"
  },
  {
    "code": "3311",
    "name": [
      "丽水市",
      "丽水"
    ],
    "provinceCode": "33"
  },
  {
    "code": "3401",
    "name": [
      "合肥市",
      "合肥"
    ],
    "provinceCode": "34"
  },
  {
    "code": "3402",
    "name": [
      "芜湖市",
      "芜湖"
    ],
    "provinceCode": "34"
  },
  {
    "code": "3403",
    "name": [
      "蚌埠市",
      "蚌埠"
    ],
    "provinceCode": "34"
  },
  {
    "code": "3404",
    "name": [
      "淮南市",
      "淮南"
    ],
    "provinceCode": "34"
  },
  {
    "code": "3405",
    "name": [
      "马鞍山市",
      "马鞍山"
    ],
    "provinceCode": "34"
  },
  {
    "code": "3406",
    "name": [
      "淮北市",
      "淮北"
    ],
    "provinceCode": "34"
  },
  {
    "code": "3407",
    "name": [
      "铜陵市",
      "铜陵"
    ],
    "provinceCode": "34"
  },
  {
    "code": "3408",
    "name": [
      "安庆市",
      "安庆"
    ],
    "provinceCode": "34"
  },
  {
    "code": "3410",
    "name": [
      "黄山市",
      "黄山"
    ],
    "provinceCode": "34"
  },
  {
    "code": "3411",
    "name": [
      "滁州市",
      "滁州"
    ],
    "provinceCode": "34"
  },
  {
    "code": "3412",
    "name": [
      "阜阳市",
      "阜阳"
    ],
    "provinceCode": "34"
  },
  {
    "code": "3413",
    "name": [
      "宿州市",
      "宿州"
    ],
    "provinceCode": "34"
  },
  {
    "code": "3415",
    "name": [
      "六安市",
      "六安"
    ],
    "provinceCode": "34"
  },
  {
    "code": "3416",
    "name": [
      "亳州市",
      "亳州"
    ],
    "provinceCode": "34"
  },
  {
    "code": "3417",
    "name": [
      "池州市",
      "池州"
    ],
    "provinceCode": "34"
  },
  {
    "code": "3418",
    "name": [
      "宣城市",
      "宣城"
    ],
    "provinceCode": "34"
  },
  {
    "code": "3501",
    "name": [
      "福州市",
      "福州"
    ],
    "provinceCode": "35"
  },
  {
    "code": "3502",
    "name": [
      "厦门市",
      "厦门"
    ],
    "provinceCode": "35"
  },
  {
    "code": "3503",
    "name": [
      "莆田市",
      "莆田"
    ],
    "provinceCode": "35"
  },
  {
    "code": "3504",
    "name": [
      "三明市",
      "三明"
    ],
    "provinceCode": "35"
  },
  {
    "code": "3505",
    "name": [
      "泉州市",
      "泉州"
    ],
    "provinceCode": "35"
  },
  {
    "code": "3506",
    "name": [
      "漳州市",
      "漳州"
    ],
    "provinceCode": "35"
  },
  {
    "code": "3507",
    "name": [
      "南平市",
      "南平"
    ],
    "provinceCode": "35"
  },
  {
    "code": "3508",
    "name": [
      "龙岩市",
      "龙岩"
    ],
    "provinceCode": "35"
  },
  {
    "code": "3509",
    "name": [
      "宁德市",
      "宁德"
    ],
    "provinceCode": "35"
  },
  {
    "code": "3601",
    "name": [
      "南昌市",
      "南昌"
    ],
    "provinceCode": "36"
  },
  {
    "code": "3602",
    "name": [
      "景德镇市",
      "景德镇"
    ],
    "provinceCode": "36"
  },
  {
    "code": "3603",
    "name": [
      "萍乡市",
      "萍乡"
    ],
    "provinceCode": "36"
  },
  {
    "code": "3604",
    "name": [
      "九江市",
      "九江"
    ],
    "provinceCode": "36"
  },
  {
    "code": "3605",
    "name": [
      "新余市",
      "新余"
    ],
    "provinceCode": "36"
  },
  {
    "code": "3606",
    "name": [
      "鹰潭市",
      "鹰潭"
    ],
    "provinceCode": "36"
  },
  {
    "code": "3607",
    "name": [
      "赣州市",
      "赣州"
    ],
    "provinceCode": "36"
  },
  {
    "code": "3608",
    "name": [
      "吉安市",
      "吉安"
    ],
    "provinceCode": "36"
  },
  {
    "code": "3609",
    "name": [
      "宜春市",
      "宜春"
    ],
    "provinceCode": "36"
  },
  {
    "code": "3610",
    "name": [
      "抚州市",
      "抚州"
    ],
    "provinceCode": "36"
  },
  {
    "code": "3611",
    "name": [
      "上饶市",
      "上饶"
    ],
    "provinceCode": "36"
  },
  {
    "code": "3701",
    "name": [
      "济南市",
      "济南"
    ],
    "provinceCode": "37"
  },
  {
    "code": "3702",
    "name": [
      "青岛市",
      "青岛"
    ],
    "provinceCode": "37"
  },
  {
    "code": "3703",
    "name": [
      "淄博市",
      "淄博"
    ],
    "provinceCode": "37"
  },
  {
    "code": "3704",
    "name": [
      "枣庄市",
      "枣庄"
    ],
    "provinceCode": "37"
  },
  {
    "code": "3705",
    "name": [
      "东营市",
      "东营"
    ],
    "provinceCode": "37"
  },
  {
    "code": "3706",
    "name": [
      "烟台市",
      "烟台"
    ],
    "provinceCode": "37"
  },
  {
    "code": "3707",
    "name": [
      "潍坊市",
      "潍坊"
    ],
    "provinceCode": "37"
  },
  {
    "code": "3708",
    "name": [
      "济宁市",
      "济宁"
    ],
    "provinceCode": "37"
  },
  {
    "code": "3709",
    "name": [
      "泰安市",
      "泰安"
    ],
    "provinceCode": "37"
  },
  {
    "code": "3710",
    "name": [
      "威海市",
      "威海"
    ],
    "provinceCode": "37"
  },
  {
    "code": "3711",
    "name": [
      "日照市",
      "日照"
    ],
    "provinceCode": "37"
  },
  {
    "code": "3713",
    "name": [
      "临沂市",
      "临沂"
    ],
    "provinceCode": "37"
  },
  {
    "code": "3714",
    "name": [
      "德州市",
      "德州"
    ],
    "provinceCode": "37"
  },
  {
    "code": "3715",
    "name": [
      "聊城市",
      "聊城"
    ],
    "provinceCode": "37"
  },
  {
    "code": "3716",
    "name": [
      "滨州市",
      "滨州"
    ],
    "provinceCode": "37"
  },
  {
    "code": "3717",
    "name": [
      "菏泽市",
      "菏泽"
    ],
    "provinceCode": "37"
  },
  {
    "code": "4101",
    "name": [
      "郑州市",
      "郑州"
    ],
    "provinceCode": "41"
  },
  {
    "code": "4102",
    "name": [
      "开封市",
      "开封"
    ],
    "provinceCode": "41"
  },
  {
    "code": "4103",
    "name": [
      "洛阳市",
      "洛阳"
    ],
    "provinceCode": "41"
  },
  {
    "code": "4104",
    "name": [
      "平顶山市",
      "平顶山"
    ],
    "provinceCode": "41"
  },
  {
    "code": "4105",
    "name": [
      "安阳市",
      "安阳"
    ],
    "provinceCode": "41"
  },
  {
    "code": "4106",
    "name": [
      "鹤壁市",
      "鹤壁"
    ],
    "provinceCode": "41"
  },
  {
    "code": "4107",
    "name": [
      "新乡市",
      "新乡"
    ],
    "provinceCode": "41"
  },
  {
    "code": "4108",
    "name": [
      "焦作市",
      "焦作"
    ],
    "provinceCode": "41"
  },
  {
    "code": "4109",
    "name": [
      "濮阳市",
      "濮阳"
    ],
    "provinceCode": "41"
  },
  {
    "code": "4110",
    "name": [
      "许昌市",
      "许昌"
    ],
    "provinceCode": "41"
  },
  {
    "code": "4111",
    "name": [
      "漯河市",
      "漯河"
    ],
    "provinceCode": "41"
  },
  {
    "code": "4112",
    "name": [
      "三门峡市",
      "三门峡"
    ],
    "provinceCode": "41"
  },
  {
    "code": "4113",
    "name": [
      "南阳市",
      "南阳"
    ],
    "provinceCode": "41"
  },
  {
    "code": "4114",
    "name": [
      "商丘市",
      "商丘"
    ],
    "provinceCode": "41"
  },
  {
    "code": "4115",
    "name": [
      "信阳市",
      "信阳"
    ],
    "provinceCode": "41"
  },
  {
    "code": "4116",
    "name": [
      "周口市",
      "周口"
    ],
    "provinceCode": "41"
  },
  {
    "code": "4117",
    "name": [
      "驻马店市",
      "驻马店"
    ],
    "provinceCode": "41"
  },
  {
    "code": "4190",
    "name": [
      "省直辖县级行政区划"
    ],
    "provinceCode": "41"
  },
  {
    "code": "4201",
    "name": [
      "武汉市",
      "武汉"
    ],
    "provinceCode": "42"
  },
  {
    "code": "4202",
    "name": [
      "黄石市",
      "黄石"
    ],
    "provinceCode": "42"
  },
  {
    "code": "4203",
    "name": [
      "十堰市",
      "十堰"
    ],
    "provinceCode": "42"
  },
  {
    "code": "4205",
    "name": [
      "宜昌市",
      "宜昌"
    ],
    "provinceCode": "42"
  },
  {
    "code": "4206",
    "name": [
      "襄阳市",
      "襄阳"
    ],
    "provinceCode": "42"
  },
  {
    "code": "4207",
    "name": [
      "鄂州市",
      "鄂州"
    ],
    "provinceCode": "42"
  },
  {
    "code": "4208",
    "name": [
      "荆门市",
      "荆门"
    ],
    "provinceCode": "42"
  },
  {
    "code": "4209",
    "name": [
      "孝感市",
      "孝感"
    ],
    "provinceCode": "42"
  },
  {
    "code": "4210",
    "name": [
      "荆州市",
      "荆州"
    ],
    "provinceCode": "42"
  },
  {
    "code": "4211",
    "name": [
      "黄冈市",
      "黄冈"
    ],
    "provinceCode": "42"
  },
  {
    "code": "4212",
    "name": [
      "咸宁市",
      "咸宁"
    ],
    "provinceCode": "42"
  },
  {
    "code": "4213",
    "name": [
      "随州市",
      "随州"
    ],
    "provinceCode": "42"
  },
  {
    "code": "4228",
    "name": [
      "恩施土家族苗族自治州",
      "恩施州"
    ],
    "provinceCode": "42"
  },
  {
    "code": "4290",
    "name": [
      "省直辖县级行政区划"
    ],
    "provinceCode": "42"
  },
  {
    "code": "4301",
    "name": [
      "长沙市",
      "长沙"
    ],
    "provinceCode": "43"
  },
  {
    "code": "4302",
    "name": [
      "株洲市",
      "株洲"
    ],
    "provinceCode": "43"
  },
  {
    "code": "4303",
    "name": [
      "湘潭市",
      "湘潭"
    ],
    "provinceCode": "43"
  },
  {
    "code": "4304",
    "name": [
      "衡阳市",
      "衡阳"
    ],
    "provinceCode": "43"
  },
  {
    "code": "4305",
    "name": [
      "邵阳市",
      "邵阳"
    ],
    "provinceCode": "43"
  },
  {
    "code": "4306",
    "name": [
      "岳阳市",
      "岳阳"
    ],
    "provinceCode": "43"
  },
  {
    "code": "4307",
    "name": [
      "常德市",
      "常德"
    ],
    "provinceCode": "43"
  },
  {
    "code": "4308",
    "name": [
      "张家界市",
      "张家界"
    ],
    "provinceCode": "43"
  },
  {
    "code": "4309",
    "name": [
      "益阳市",
      "益阳"
    ],
    "provinceCode": "43"
  },
  {
    "code": "4310",
    "name": [
      "郴州市",
      "郴州"
    ],
    "provinceCode": "43"
  },
  {
    "code": "4311",
    "name": [
      "永州市",
      "永州"
    ],
    "provinceCode": "43"
  },
  {
    "code": "4312",
    "name": [
      "怀化市",
      "怀化"
    ],
    "provinceCode": "43"
  },
  {
    "code": "4313",
    "name": [
      "娄底市",
      "娄底"
    ],
    "provinceCode": "43"
  },
  {
    "code": "4331",
    "name": [
      "湘西土家族苗族自治州",
      "湘西州"
    ],
    "provinceCode": "43"
  },
  {
    "code": "4401",
    "name": [
      "广州市",
      "广州"
    ],
    "provinceCode": "44"
  },
  {
    "code": "4402",
    "name": [
      "韶关市",
      "韶关"
    ],
    "provinceCode": "44"
  },
  {
    "code": "4403",
    "name": [
      "深圳市",
      "深圳"
    ],
    "provinceCode": "44"
  },
  {
    "code": "4404",
    "name": [
      "珠海市",
      "珠海"
    ],
    "provinceCode": "44"
  },
  {
    "code": "4405",
    "name": [
      "汕头市",
      "汕头"
    ],
    "provinceCode": "44"
  },
  {
    "code": "4406",
    "name": [
      "佛山市",
      "佛山"
    ],
    "provinceCode": "44"
  },
  {
    "code": "4407",
    "name": [
      "江门市",
      "江门"
    ],
    "provinceCode": "44"
  },
  {
    "code": "4408",
    "name": [
      "湛江市",
      "湛江"
    ],
    "provinceCode": "44"
  },
  {
    "code": "4409",
    "name": [
      "茂名市",
      "茂名"
    ],
    "provinceCode": "44"
  },
  {
    "code": "4412",
    "name": [
      "肇庆市",
      "肇庆"
    ],
    "provinceCode": "44"
  },
  {
    "code": "4413",
    "name": [
      "惠州市",
      "惠州"
    ],
    "provinceCode": "44"
  },
  {
    "code": "4414",
    "name": [
      "梅州市",
      "梅州"
    ],
    "provinceCode": "44"
  },
  {
    "code": "4415",
    "name": [
      "汕尾市",
      "汕尾"
    ],
    "provinceCode": "44"
  },
  {
    "code": "4416",
    "name": [
      "河源市",
      "河源"
    ],
    "provinceCode": "44"
  },
  {
    "code": "4417",
    "name": [
      "阳江市",
      "阳江"
    ],
    "provinceCode": "44"
  },
  {
    "code": "4418",
    "name": [
      "清远市",
      "清远"
    ],
    "provinceCode": "44"
  },
  {
    "code": "4419",
    "name": [
      "东莞市",
      "东莞"
    ],
    "provinceCode": "44"
  },
  {
    "code": "4420",
    "name": [
      "中山市",
      "中山"
    ],
    "provinceCode": "44"
  },
  {
    "code": "4451",
    "name": [
      "潮州市",
      "潮州"
    ],
    "provinceCode": "44"
  },
  {
    "code": "4452",
    "name": [
      "揭阳市",
      "揭阳"
    ],
    "provinceCode": "44"
  },
  {
    "code": "4453",
    "name": [
      "云浮市",
      "云浮"
    ],
    "provinceCode": "44"
  },
  {
    "code": "4501",
    "name": [
      "南宁市",
      "南宁"
    ],
    "provinceCode": "45"
  },
  {
    "code": "4502",
    "name": [
      "柳州市",
      "柳州"
    ],
    "provinceCode": "45"
  },
  {
    "code": "4503",
    "name": [
      "桂林市",
      "桂林"
    ],
    "provinceCode": "45"
  },
  {
    "code": "4504",
    "name": [
      "梧州市",
      "梧州"
    ],
    "provinceCode": "45"
  },
  {
    "code": "4505",
    "name": [
      "北海市",
      "北海"
    ],
    "provinceCode": "45"
  },
  {
    "code": "4506",
    "name": [
      "防城港市",
      "防城港"
    ],
    "provinceCode": "45"
  },
  {
    "code": "4507",
    "name": [
      "钦州市",
      "钦州"
    ],
    "provinceCode": "45"
  },
  {
    "code": "4508",
    "name": [
      "贵港市",
      "贵港"
    ],
    "provinceCode": "45"
  },
  {
    "code": "4509",
    "name": [
      "玉林市",
      "玉林"
    ],
    "provinceCode": "45"
  },
  {
    "code": "4510",
    "name": [
      "百色市",
      "百色"
    ],
    "provinceCode": "45"
  },
  {
    "code": "4511",
    "name": [
      "贺州市",
      "贺州"
    ],
    "provinceCode": "45"
  },
  {
    "code": "4512",
    "name": [
      "河池市",
      "河池"
    ],
    "provinceCode": "45"
  },
  {
    "code": "4513",
    "name": [
      "来宾市",
      "来宾"
    ],
    "provinceCode": "45"
  },
  {
    "code": "4514",
    "name": [
      "崇左市",
      "崇左"
    ],
    "provinceCode": "45"
  },
  {
    "code": "4601",
    "name": [
      "海口市",
      "海口"
    ],
    "provinceCode": "46"
  },
  {
    "code": "4602",
    "name": [
      "三亚市",
      "三亚"
    ],
    "provinceCode": "46"
  },
  {
    "code": "4603",
    "name": [
      "三沙市",
      "三沙"
    ],
    "provinceCode": "46"
  },
  {
    "code": "4604",
    "name": [
      "儋州市",
      "儋州"
    ],
    "provinceCode": "46"
  },
  {
    "code": "4690",
    "name": [
      "省直辖县级行政区划"
    ],
    "provinceCode": "46"
  },
  {
    "code": "5001",
    "name": [
      "重庆市",
      "重庆"
    ],
    "provinceCode": "50"
  },
  {
    "code": "5002",
    "name": [
      "县"
    ],
    "provinceCode": "50"
  },
  {
    "code": "5101",
    "name": [
      "成都市",
      "成都"
    ],
    "provinceCode": "51"
  },
  {
    "code": "5103",
    "name": [
      "自贡市",
      "自贡"
    ],
    "provinceCode": "51"
  },
  {
    "code": "5104",
    "name": [
      "攀枝花市",
      "攀枝花"
    ],
    "provinceCode": "51"
  },
  {
    "code": "5105",
    "name": [
      "泸州市",
      "泸州"
    ],
    "provinceCode": "51"
  },
  {
    "code": "5106",
    "name": [
      "德阳市",
      "德阳"
    ],
    "provinceCode": "51"
  },
  {
    "code": "5107",
    "name": [
      "绵阳市",
      "绵阳"
    ],
    "provinceCode": "51"
  },
  {
    "code": "5108",
    "name": [
      "广元市",
      "广元"
    ],
    "provinceCode": "51"
  },
  {
    "code": "5109",
    "name": [
      "遂宁市",
      "遂宁"
    ],
    "provinceCode": "51"
  },
  {
    "code": "5110",
    "name": [
      "内江市",
      "内江"
    ],
    "provinceCode": "51"
  },
  {
    "code": "5111",
    "name": [
      "乐山市",
      "乐山"
    ],
    "provinceCode": "51"
  },
  {
    "code": "5113",
    "name": [
      "南充市",
      "南充"
    ],
    "provinceCode": "51"
  },
  {
    "code": "5114",
    "name": [
      "眉山市",
      "眉山"
    ],
    "provinceCode": "51"
  },
  {
    "code": "5115",
    "name": [
      "宜宾市",
      "宜宾"
    ],
    "provinceCode": "51"
  },
  {
    "code": "5116",
    "name": [
      "广安市",
      "广安"
    ],
    "provinceCode": "51"
  },
  {
    "code": "5117",
    "name": [
      "达州市",
      "达州"
    ],
    "provinceCode": "51"
  },
  {
    "code": "5118",
    "name": [
      "雅安市",
      "雅安"
    ],
    "provinceCode": "51"
  },
  {
    "code": "5119",
    "name": [
      "巴中市",
      "巴中"
    ],
    "provinceCode": "51"
  },
  {
    "code": "5120",
    "name": [
      "资阳市",
      "资阳"
    ],
    "provinceCode": "51"
  },
  {
    "code": "5132",
    "name": [
      "阿坝藏族羌族自治州",
      "阿坝州"
    ],
    "provinceCode": "51"
  },
  {
    "code": "5133",
    "name": [
      "甘孜藏族自治州",
      "甘孜州"
    ],
    "provinceCode": "51"
  },
  {
    "code": "5134",
    "name": [
      "凉山彝族自治州",
      "凉山州"
    ],
    "provinceCode": "51"
  },
  {
    "code": "5201",
    "name": [
      "贵阳市",
      "贵阳"
    ],
    "provinceCode": "52"
  },
  {
    "code": "5202",
    "name": [
      "六盘水市",
      "六盘水"
    ],
    "provinceCode": "52"
  },
  {
    "code": "5203",
    "name": [
      "遵义市",
      "遵义"
    ],
    "provinceCode": "52"
  },
  {
    "code": "5204",
    "name": [
      "安顺市",
      "安顺"
    ],
    "provinceCode": "52"
  },
  {
    "code": "5205",
    "name": [
      "毕节市",
      "毕节"
    ],
    "provinceCode": "52"
  },
  {
    "code": "5206",
    "name": [
      "铜仁市",
      "铜仁"
    ],
    "provinceCode": "52"
  },
  {
    "code": "5223",
    "name": [
      "黔西南布依族苗族自治州",
      "黔西南州"
    ],
    "provinceCode": "52"
  },
  {
    "code": "5226",
    "name": [
      "黔东南苗族侗族自治州",
      "黔东南州"
    ],
    "provinceCode": "52"
  },
  {
    "code": "5227",
    "name": [
      "黔南布依族苗族自治州",
      "黔南州"
    ],
    "provinceCode": "52"
  },
  {
    "code": "5301",
    "name": [
      "昆明市",
      "昆明"
    ],
    "provinceCode": "53"
  },
  {
    "code": "5303",
    "name": [
      "曲靖市",
      "曲靖"
    ],
    "provinceCode": "53"
  },
  {
    "code": "5304",
    "name": [
      "玉溪市",
      "玉溪"
    ],
    "provinceCode": "53"
  },
  {
    "code": "5305",
    "name": [
      "保山市",
      "保山"
    ],
    "provinceCode": "53"
  },
  {
    "code": "5306",
    "name": [
      "昭通市",
      "昭通"
    ],
    "provinceCode": "53"
  },
  {
    "code": "5307",
    "name": [
      "丽江市",
      "丽江"
    ],
    "provinceCode": "53"
  },
  {
    "code": "5308",
    "name": [
      "普洱市",
      "普洱"
    ],
    "provinceCode": "53"
  },
  {
    "code": "5309",
    "name": [
      "临沧市",
      "临沧"
    ],
    "provinceCode": "53"
  },
  {
    "code": "5323",
    "name": [
      "楚雄彝族自治州",
      "楚雄州"
    ],
    "provinceCode": "53"
  },
  {
    "code": "5325",
    "name": [
      "红河哈尼族彝族自治州",
      "红河州"
    ],
    "provinceCode": "53"
  },
  {
    "code": "5326",
    "name": [
      "文山壮族苗族自治州",
      "文山州"
    ],
    "provinceCode": "53"
  },
  {
    "code": "5328",
    "name": [
      "西双版纳傣族自治州",
      "西双版纳"
    ],
    "provinceCode": "53"
  },
  {
    "code": "5329",
    "name": [
      "大理白族自治州",
      "大理州"
    ],
    "provinceCode": "53"
  },
  {
    "code": "5331",
    "name": [
      "德宏傣族景颇族自治州",
      "德宏州"
    ],
    "provinceCode": "53"
  },
  {
    "code": "5333",
    "name": [
      "怒江傈僳族自治州",
      "怒江州"
    ],
    "provinceCode": "53"
  },
  {
    "code": "5334",
    "name": [
      "迪庆藏族自治州",
      "迪庆州"
    ],
    "provinceCode": "53"
  },
  {
    "code": "5401",
    "name": [
      "拉萨市",
      "拉萨"
    ],
    "provinceCode": "54"
  },
  {
    "code": "5402",
    "name": [
      "日喀则市",
      "日喀则"
    ],
    "provinceCode": "54"
  },
  {
    "code": "5403",
    "name": [
      "昌都市",
      "昌都"
    ],
    "provinceCode": "54"
  },
  {
    "code": "5404",
    "name": [
      "林芝市",
      "林芝"
    ],
    "provinceCode": "54"
  },
  {
    "code": "5405",
    "name": [
      "山南市",
      "山南"
    ],
    "provinceCode": "54"
  },
  {
    "code": "5406",
    "name": [
      "那曲市",
      "那曲"
    ],
    "provinceCode": "54"
  },
  {
    "code": "5425",
    "name": [
      "阿里地区",
      "阿里"
    ],
    "provinceCode": "54"
  },
  {
    "code": "6101",
    "name": [
      "西安市",
      "西安"
    ],
    "provinceCode": "61"
  },
  {
    "code": "6102",
    "name": [
      "铜川市",
      "铜川"
    ],
    "provinceCode": "61"
  },
  {
    "code": "6103",
    "name": [
      "宝鸡市",
      "宝鸡"
    ],
    "provinceCode": "61"
  },
  {
    "code": "6104",
    "name": [
      "咸阳市",
      "咸阳"
    ],
    "provinceCode": "61"
  },
  {
    "code": "6105",
    "name": [
      "渭南市",
      "渭南"
    ],
    "provinceCode": "61"
  },
  {
    "code": "6106",
    "name": [
      "延安市",
      "延安"
    ],
    "provinceCode": "61"
  },
  {
    "code": "6107",
    "name": [
      "汉中市",
      "汉中"
    ],
    "provinceCode": "61"
  },
  {
    "code": "6108",
    "name": [
      "榆林市",
      "榆林"
    ],
    "provinceCode": "61"
  },
  {
    "code": "6109",
    "name": [
      "安康市",
      "安康"
    ],
    "provinceCode": "61"
  },
  {
    "code": "6110",
    "name": [
      "商洛市",
      "商洛"
    ],
    "provinceCode": "61"
  },
  {
    "code": "6201",
    "name": [
      "兰州市",
      "兰州"
    ],
    "provinceCode": "62"
  },
  {
    "code": "6202",
    "name": [
      "嘉峪关市",
      "嘉峪关"
    ],
    "provinceCode": "62"
  },
  {
    "code": "6203",
    "name": [
      "金昌市",
      "金昌"
    ],
    "provinceCode": "62"
  },
  {
    "code": "6204",
    "name": [
      "白银市",
      "白银"
    ],
    "provinceCode": "62"
  },
  {
    "code": "6205",
    "name": [
      "天水市",
      "天水"
    ],
    "provinceCode": "62"
  },
  {
    "code": "6206",
    "name": [
      "武威市",
      "武威"
    ],
    "provinceCode": "62"
  },
  {
    "code": "6207",
    "name": [
      "张掖市",
      "张掖"
    ],
    "provinceCode": "62"
  },
  {
    "code": "6208",
    "name": [
      "平凉市",
      "平凉"
    ],
    "provinceCode": "62"
  },
  {
    "code": "6209",
    "name": [
      "酒泉市",
      "酒泉"
    ],
    "provinceCode": "62"
  },
  {
    "code": "6210",
    "name": [
      "庆阳市",
      "庆阳"
    ],
    "provinceCode": "62"
  },
  {
    "code": "6211",
    "name": [
      "定西市",
      "定西"
    ],
    "provinceCode": "62"
  },
  {
    "code": "6212",
    "name": [
      "陇南市",
      "陇南"
    ],
    "provinceCode": "62"
  },
  {
    "code": "6229",
    "name": [
      "临夏回族自治州",
      "临夏州"
    ],
    "provinceCode": "62"
  },
  {
    "code": "6230",
    "name": [
      "甘南藏族自治州",
      "甘南州"
    ],
    "provinceCode": "62"
  },
  {
    "code": "6301",
    "name": [
      "西宁市",
      "西宁"
    ],
    "provinceCode": "63"
  },
  {
    "code": "6302",
    "name": [
      "海东市",
      "海东"
    ],
    "provinceCode": "63"
  },
  {
    "code": "6322",
    "name": [
      "海北藏族自治州",
      "海北州"
    ],
    "provinceCode": "63"
  },
  {
    "code": "6323",
    "name": [
      "黄南藏族自治州",
      "黄南州"
    ],
    "provinceCode": "63"
  },
  {
    "code": "6325",
    "name": [
      "海南藏族自治州",
      "海南州"
    ],
    "provinceCode": "63"
  },
  {
    "code": "6326",
    "name": [
      "果洛藏族自治州",
      "果洛州"
    ],
    "provinceCode": "63"
  },
  {
    "code": "6327",
    "name": [
      "玉树藏族自治州",
      "玉树州"
    ],
    "provinceCode": "63"
  },
  {
    "code": "6328",
    "name": [
      "海西蒙古族藏族自治州",
      "海西州"
    ],
    "provinceCode": "63"
  },
  {
    "code": "6401",
    "name": [
      "银川市",
      "银川"
    ],
    "provinceCode": "64"
  },
  {
    "code": "6402",
    "name": [
      "石嘴山市",
      "石嘴山"
    ],
    "provinceCode": "64"
  },
  {
    "code": "6403",
    "name": [
      "吴忠市",
      "吴忠"
    ],
    "provinceCode": "64"
  },
  {
    "code": "6404",
    "name": [
      "固原市",
      "固原"
    ],
    "provinceCode": "64"
  },
  {
    "code": "6405",
    "name": [
      "中卫市",
      "中卫"
    ],
    "provinceCode": "64"
  },
  {
    "code": "6501",
    "name": [
      "乌鲁木齐市",
      "乌鲁木齐"
    ],
    "provinceCode": "65"
  },
  {
    "code": "6502",
    "name": [
      "克拉玛依市",
      "克拉玛依"
    ],
    "provinceCode": "65"
  },
  {
    "code": "6504",
    "name": [
      "吐鲁番市",
      "吐鲁番"
    ],
    "provinceCode": "65"
  },
  {
    "code": "6505",
    "name": [
      "哈密市",
      "哈密"
    ],
    "provinceCode": "65"
  },
  {
    "code": "6523",
    "name": [
      "昌吉回族自治州",
      "昌吉州"
    ],
    "provinceCode": "65"
  },
  {
    "code": "6527",
    "name": [
      "博尔塔拉蒙古自治州",
      "博尔塔拉州"
    ],
    "provinceCode": "65"
  },
  {
    "code": "6528",
    "name": [
      "巴音郭楞蒙古自治州",
      "巴州"
    ],
    "provinceCode": "65"
  },
  {
    "code": "6529",
    "name": [
      "阿克苏地区"
    ],
    "provinceCode": "65"
  },
  {
    "code": "6530",
    "name": [
      "克孜勒苏柯尔克孜自治州",
      "克州"
    ],
    "provinceCode": "65"
  },
  {
    "code": "6531",
    "name": [
      "喀什地区"
    ],
    "provinceCode": "65"
  },
  {
    "code": "6532",
    "name": [
      "和田地区"
    ],
    "provinceCode": "65"
  },
  {
    "code": "6540",
    "name": [
      "伊犁哈萨克自治州",
      "伊犁州"
    ],
    "provinceCode": "65"
  },
  {
    "code": "6542",
    "name": [
      "塔城地区"
    ],
    "provinceCode": "65"
  },
  {
    "code": "6543",
    "name": [
      "阿勒泰地区"
    ],
    "provinceCode": "65"
  },
  {
    "code": "6590",
    "name": [
      "自治区直辖县级行政区划"
    ],
    "provinceCode": "65"
  }
]